<?xml version="1.0" encoding="UTF-8"?>
<point_cloud version="1.2.0">
  <tracks path="tracks.ply" count="63533"/>
  <points path="points.ply" count="56862"/>
  <projections camera_id="0" path="p0.ply" count="1661"/>
  <projections camera_id="1" path="p1.ply" count="1501"/>
  <projections camera_id="2" path="p2.ply" count="1425"/>
  <projections camera_id="3" path="p3.ply" count="1345"/>
  <projections camera_id="4" path="p4.ply" count="1322"/>
  <projections camera_id="5" path="p5.ply" count="1035"/>
  <projections camera_id="6" path="p6.ply" count="909"/>
  <projections camera_id="7" path="p7.ply" count="976"/>
  <projections camera_id="8" path="p8.ply" count="1090"/>
  <projections camera_id="9" path="p9.ply" count="1043"/>
  <projections camera_id="10" path="p10.ply" count="929"/>
  <projections camera_id="11" path="p11.ply" count="1096"/>
  <projections camera_id="12" path="p12.ply" count="1312"/>
  <projections camera_id="13" path="p13.ply" count="1715"/>
  <projections camera_id="14" path="p14.ply" count="1581"/>
  <projections camera_id="15" path="p15.ply" count="1158"/>
  <projections camera_id="16" path="p16.ply" count="1026"/>
  <projections camera_id="17" path="p17.ply" count="956"/>
  <projections camera_id="18" path="p18.ply" count="1009"/>
  <projections camera_id="19" path="p19.ply" count="1064"/>
  <projections camera_id="20" path="p20.ply" count="1033"/>
  <projections camera_id="21" path="p21.ply" count="870"/>
  <projections camera_id="22" path="p22.ply" count="1037"/>
  <projections camera_id="23" path="p23.ply" count="1062"/>
  <projections camera_id="24" path="p24.ply" count="945"/>
  <projections camera_id="25" path="p25.ply" count="985"/>
  <projections camera_id="26" path="p26.ply" count="1198"/>
  <projections camera_id="27" path="p27.ply" count="1464"/>
  <projections camera_id="28" path="p28.ply" count="1671"/>
  <projections camera_id="29" path="p29.ply" count="1661"/>
  <projections camera_id="30" path="p30.ply" count="1575"/>
  <projections camera_id="31" path="p31.ply" count="1347"/>
  <projections camera_id="32" path="p32.ply" count="1297"/>
  <projections camera_id="33" path="p33.ply" count="989"/>
  <projections camera_id="34" path="p34.ply" count="880"/>
  <projections camera_id="35" path="p35.ply" count="832"/>
  <projections camera_id="36" path="p36.ply" count="1080"/>
  <projections camera_id="37" path="p37.ply" count="1159"/>
  <projections camera_id="38" path="p38.ply" count="1534"/>
  <projections camera_id="39" path="p39.ply" count="2238"/>
  <projections camera_id="40" path="p40.ply" count="1301"/>
  <projections camera_id="41" path="p41.ply" count="2340"/>
  <projections camera_id="42" path="p42.ply" count="1911"/>
  <projections camera_id="43" path="p43.ply" count="1931"/>
  <projections camera_id="44" path="p44.ply" count="1631"/>
  <projections camera_id="45" path="p45.ply" count="1118"/>
  <projections camera_id="46" path="p46.ply" count="1092"/>
  <projections camera_id="47" path="p47.ply" count="1149"/>
  <projections camera_id="48" path="p48.ply" count="1125"/>
  <projections camera_id="49" path="p49.ply" count="903"/>
  <projections camera_id="50" path="p50.ply" count="876"/>
  <projections camera_id="51" path="p51.ply" count="1132"/>
  <projections camera_id="52" path="p52.ply" count="1312"/>
  <projections camera_id="53" path="p53.ply" count="1234"/>
  <projections camera_id="54" path="p54.ply" count="1655"/>
  <projections camera_id="55" path="p55.ply" count="2023"/>
  <projections camera_id="56" path="p56.ply" count="2192"/>
  <projections camera_id="57" path="p57.ply" count="2481"/>
  <projections camera_id="58" path="p58.ply" count="2603"/>
  <projections camera_id="59" path="p59.ply" count="2661"/>
  <projections camera_id="60" path="p60.ply" count="2915"/>
  <projections camera_id="61" path="p61.ply" count="3094"/>
  <projections camera_id="62" path="p62.ply" count="2621"/>
  <projections camera_id="63" path="p63.ply" count="1235"/>
  <projections camera_id="64" path="p64.ply" count="692"/>
  <projections camera_id="65" path="p65.ply" count="1166"/>
  <projections camera_id="66" path="p66.ply" count="1194"/>
  <projections camera_id="67" path="p67.ply" count="1046"/>
  <projections camera_id="68" path="p68.ply" count="1519"/>
  <projections camera_id="69" path="p69.ply" count="1828"/>
  <projections camera_id="70" path="p70.ply" count="2151"/>
  <projections camera_id="71" path="p71.ply" count="1471"/>
  <projections camera_id="72" path="p72.ply" count="1478"/>
  <projections camera_id="73" path="p73.ply" count="2555"/>
  <projections camera_id="74" path="p74.ply" count="1226"/>
  <projections camera_id="75" path="p75.ply" count="2236"/>
  <projections camera_id="76" path="p76.ply" count="1360"/>
  <projections camera_id="77" path="p77.ply" count="1596"/>
  <projections camera_id="78" path="p78.ply" count="2006"/>
  <projections camera_id="79" path="p79.ply" count="2446"/>
  <projections camera_id="80" path="p80.ply" count="2213"/>
  <projections camera_id="81" path="p81.ply" count="1500"/>
  <projections camera_id="82" path="p82.ply" count="1736"/>
  <projections camera_id="83" path="p83.ply" count="2166"/>
  <projections camera_id="84" path="p84.ply" count="1354"/>
  <projections camera_id="85" path="p85.ply" count="1012"/>
  <projections camera_id="86" path="p86.ply" count="1272"/>
  <projections camera_id="87" path="p87.ply" count="1313"/>
  <projections camera_id="88" path="p88.ply" count="702"/>
  <projections camera_id="89" path="p89.ply" count="2571"/>
  <projections camera_id="90" path="p90.ply" count="2726"/>
  <projections camera_id="91" path="p91.ply" count="3008"/>
  <projections camera_id="92" path="p92.ply" count="2028"/>
  <projections camera_id="93" path="p93.ply" count="643"/>
  <projections camera_id="94" path="p94.ply" count="933"/>
  <projections camera_id="95" path="p95.ply" count="1552"/>
  <projections camera_id="96" path="p96.ply" count="1665"/>
  <projections camera_id="97" path="p97.ply" count="1510"/>
  <projections camera_id="98" path="p98.ply" count="82"/>
  <projections camera_id="99" path="p99.ply" count="498"/>
  <projections camera_id="100" path="p100.ply" count="775"/>
  <projections camera_id="101" path="p101.ply" count="1555"/>
  <projections camera_id="102" path="p102.ply" count="1430"/>
  <projections camera_id="103" path="p103.ply" count="1236"/>
  <projections camera_id="104" path="p104.ply" count="1240"/>
  <projections camera_id="105" path="p105.ply" count="1086"/>
  <projections camera_id="106" path="p106.ply" count="1537"/>
  <projections camera_id="107" path="p107.ply" count="1517"/>
  <projections camera_id="108" path="p108.ply" count="3587"/>
  <projections camera_id="109" path="p109.ply" count="2014"/>
  <projections camera_id="110" path="p110.ply" count="1254"/>
  <projections camera_id="111" path="p111.ply" count="1707"/>
  <projections camera_id="112" path="p112.ply" count="414"/>
  <projections camera_id="113" path="p113.ply" count="1041"/>
  <projections camera_id="114" path="p114.ply" count="1253"/>
  <projections camera_id="115" path="p115.ply" count="1615"/>
  <projections camera_id="116" path="p116.ply" count="2993"/>
  <projections camera_id="117" path="p117.ply" count="3183"/>
  <projections camera_id="118" path="p118.ply" count="3064"/>
  <projections camera_id="119" path="p119.ply" count="1890"/>
  <projections camera_id="120" path="p120.ply" count="721"/>
  <projections camera_id="121" path="p121.ply" count="1106"/>
  <projections camera_id="122" path="p122.ply" count="513"/>
  <projections camera_id="123" path="p123.ply" count="579"/>
  <projections camera_id="124" path="p124.ply" count="557"/>
  <projections camera_id="125" path="p125.ply" count="457"/>
  <projections camera_id="126" path="p126.ply" count="501"/>
  <projections camera_id="127" path="p127.ply" count="444"/>
  <projections camera_id="128" path="p128.ply" count="722"/>
  <projections camera_id="129" path="p129.ply" count="2202"/>
  <projections camera_id="130" path="p130.ply" count="3213"/>
  <projections camera_id="131" path="p131.ply" count="3309"/>
  <projections camera_id="132" path="p132.ply" count="1503"/>
  <projections camera_id="133" path="p133.ply" count="1973"/>
  <projections camera_id="134" path="p134.ply" count="2004"/>
  <projections camera_id="135" path="p135.ply" count="548"/>
  <projections camera_id="136" path="p136.ply" count="1040"/>
  <projections camera_id="137" path="p137.ply" count="1148"/>
  <projections camera_id="138" path="p138.ply" count="720"/>
  <projections camera_id="139" path="p139.ply" count="921"/>
  <projections camera_id="140" path="p140.ply" count="571"/>
  <projections camera_id="141" path="p141.ply" count="1636"/>
  <projections camera_id="142" path="p142.ply" count="1663"/>
  <projections camera_id="143" path="p143.ply" count="1522"/>
  <projections camera_id="144" path="p144.ply" count="1341"/>
  <projections camera_id="145" path="p145.ply" count="288"/>
  <projections camera_id="146" path="p146.ply" count="94"/>
  <meta>
    <property name="match/duration" value="446.721562"/>
    <property name="match/match_downscale" value="4"/>
    <property name="match/match_filter_mask" value="false"/>
    <property name="match/match_point_limit" value="40000"/>
    <property name="match/match_select_pairs" value="1"/>
    <property name="match/match_tiepoint_limit" value="4000"/>
  </meta>
</point_cloud>
